{
  "errors": [],
  "generated_at": "2025-08-06T07:50:38Z",
  "metrics": {
    "./PyGoatBot.py": {
      "CONFIDENCE.HIGH": 0,
      "CONFIDENCE.LOW": 0,
      "CONFIDENCE.MEDIUM": 0,
      "CONFIDENCE.UNDEFINED": 0,
      "SEVERITY.HIGH": 0,
      "SEVERITY.LOW": 0,
      "SEVERITY.MEDIUM": 0,
      "SEVERITY.UNDEFINED": 0,
      "loc": 55,
      "nosec": 0,
      "skipped_tests": 0
    },
    "./challenge/__init__.py": {
      "CONFIDENCE.HIGH": 0,
      "CONFIDENCE.LOW": 0,
      "CONFIDENCE.MEDIUM": 0,
      "CONFIDENCE.UNDEFINED": 0,
      "SEVERITY.HIGH": 0,
      "SEVERITY.LOW": 0,
      "SEVERITY.MEDIUM": 0,
      "SEVERITY.UNDEFINED": 0,
      "loc": 0,
      "nosec": 0,
      "skipped_tests": 0
    },
    "./challenge/admin.py": {
      "CONFIDENCE.HIGH": 0,
      "CONFIDENCE.LOW": 0,
      "CONFIDENCE.MEDIUM": 0,
      "CONFIDENCE.UNDEFINED": 0,
      "SEVERITY.HIGH": 0,
      "SEVERITY.LOW": 0,
      "SEVERITY.MEDIUM": 0,
      "SEVERITY.UNDEFINED": 0,
      "loc": 12,
      "nosec": 0,
      "skipped_tests": 0
    },
    "./challenge/apps.py": {
      "CONFIDENCE.HIGH": 0,
      "CONFIDENCE.LOW": 0,
      "CONFIDENCE.MEDIUM": 0,
      "CONFIDENCE.UNDEFINED": 0,
      "SEVERITY.HIGH": 0,
      "SEVERITY.LOW": 0,
      "SEVERITY.MEDIUM": 0,
      "SEVERITY.UNDEFINED": 0,
      "loc": 4,
      "nosec": 0,
      "skipped_tests": 0
    },
    "./challenge/management/commands/populate_challenge.py": {
      "CONFIDENCE.HIGH": 1,
      "CONFIDENCE.LOW": 0,
      "CONFIDENCE.MEDIUM": 0,
      "CONFIDENCE.UNDEFINED": 0,
      "SEVERITY.HIGH": 0,
      "SEVERITY.LOW": 1,
      "SEVERITY.MEDIUM": 0,
      "SEVERITY.UNDEFINED": 0,
      "loc": 17,
      "nosec": 0,
      "skipped_tests": 0
    },
    "./challenge/management/commands/populate_challenges.py": {
      "CONFIDENCE.HIGH": 0,
      "CONFIDENCE.LOW": 0,
      "CONFIDENCE.MEDIUM": 0,
      "CONFIDENCE.UNDEFINED": 0,
      "SEVERITY.HIGH": 0,
      "SEVERITY.LOW": 0,
      "SEVERITY.MEDIUM": 0,
      "SEVERITY.UNDEFINED": 0,
      "loc": 39,
      "nosec": 0,
      "skipped_tests": 0
    },
    "./challenge/migrations/0001_initial.py": {
      "CONFIDENCE.HIGH": 0,
      "CONFIDENCE.LOW": 0,
      "CONFIDENCE.MEDIUM": 0,
      "CONFIDENCE.UNDEFINED": 0,
      "SEVERITY.HIGH": 0,
      "SEVERITY.LOW": 0,
      "SEVERITY.MEDIUM": 0,
      "SEVERITY.UNDEFINED": 0,
      "loc": 40,
      "nosec": 0,
      "skipped_tests": 0
    },
    "./challenge/migrations/0002_challenge_docker_port.py": {
      "CONFIDENCE.HIGH": 0,
      "CONFIDENCE.LOW": 0,
      "CONFIDENCE.MEDIUM": 0,
      "CONFIDENCE.UNDEFINED": 0,
      "SEVERITY.HIGH": 0,
      "SEVERITY.LOW": 0,
      "SEVERITY.MEDIUM": 0,
      "SEVERITY.UNDEFINED": 0,
      "loc": 13,
      "nosec": 0,
      "skipped_tests": 0
    },
    "./challenge/migrations/0003_alter_challenge_docker_image_alter_challenge_id_and_more.py": {
      "CONFIDENCE.HIGH": 0,
      "CONFIDENCE.LOW": 0,
      "CONFIDENCE.MEDIUM": 0,
      "CONFIDENCE.UNDEFINED": 0,
      "SEVERITY.HIGH": 0,
      "SEVERITY.LOW": 0,
      "SEVERITY.MEDIUM": 0,
      "SEVERITY.UNDEFINED": 0,
      "loc": 22,
      "nosec": 0,
      "skipped_tests": 0
    },
    "./challenge/migrations/__init__.py": {
      "CONFIDENCE.HIGH": 0,
      "CONFIDENCE.LOW": 0,
      "CONFIDENCE.MEDIUM": 0,
      "CONFIDENCE.UNDEFINED": 0,
      "SEVERITY.HIGH": 0,
      "SEVERITY.LOW": 0,
      "SEVERITY.MEDIUM": 0,
      "SEVERITY.UNDEFINED": 0,
      "loc": 0,
      "nosec": 0,
      "skipped_tests": 0
    },
    "./challenge/models.py": {
      "CONFIDENCE.HIGH": 0,
      "CONFIDENCE.LOW": 0,
      "CONFIDENCE.MEDIUM": 0,
      "CONFIDENCE.UNDEFINED": 0,
      "SEVERITY.HIGH": 0,
      "SEVERITY.LOW": 0,
      "SEVERITY.MEDIUM": 0,
      "SEVERITY.UNDEFINED": 0,
      "loc": 42,
      "nosec": 0,
      "skipped_tests": 0
    },
    "./challenge/tests.py": {
      "CONFIDENCE.HIGH": 0,
      "CONFIDENCE.LOW": 0,
      "CONFIDENCE.MEDIUM": 0,
      "CONFIDENCE.UNDEFINED": 0,
      "SEVERITY.HIGH": 0,
      "SEVERITY.LOW": 0,
      "SEVERITY.MEDIUM": 0,
      "SEVERITY.UNDEFINED": 0,
      "loc": 1,
      "nosec": 0,
      "skipped_tests": 0
    },
    "./challenge/urls.py": {
      "CONFIDENCE.HIGH": 0,
      "CONFIDENCE.LOW": 0,
      "CONFIDENCE.MEDIUM": 0,
      "CONFIDENCE.UNDEFINED": 0,
      "SEVERITY.HIGH": 0,
      "SEVERITY.LOW": 0,
      "SEVERITY.MEDIUM": 0,
      "SEVERITY.UNDEFINED": 0,
      "loc": 5,
      "nosec": 0,
      "skipped_tests": 0
    },
    "./challenge/utility.py": {
      "CONFIDENCE.HIGH": 0,
      "CONFIDENCE.LOW": 0,
      "CONFIDENCE.MEDIUM": 0,
      "CONFIDENCE.UNDEFINED": 0,
      "SEVERITY.HIGH": 0,
      "SEVERITY.LOW": 0,
      "SEVERITY.MEDIUM": 0,
      "SEVERITY.UNDEFINED": 0,
      "loc": 9,
      "nosec": 0,
      "skipped_tests": 0
    },
    "./challenge/views.py": {
      "CONFIDENCE.HIGH": 4,
      "CONFIDENCE.LOW": 0,
      "CONFIDENCE.MEDIUM": 0,
      "CONFIDENCE.UNDEFINED": 0,
      "SEVERITY.HIGH": 0,
      "SEVERITY.LOW": 4,
      "SEVERITY.MEDIUM": 0,
      "SEVERITY.UNDEFINED": 0,
      "loc": 67,
      "nosec": 0,
      "skipped_tests": 0
    },
    "./dockerized_labs/broken_auth_lab/app.py": {
      "CONFIDENCE.HIGH": 2,
      "CONFIDENCE.LOW": 0,
      "CONFIDENCE.MEDIUM": 3,
      "CONFIDENCE.UNDEFINED": 0,
      "SEVERITY.HIGH": 1,
      "SEVERITY.LOW": 2,
      "SEVERITY.MEDIUM": 2,
      "SEVERITY.UNDEFINED": 0,
      "loc": 90,
      "nosec": 0,
      "skipped_tests": 0
    },
    "./dockerized_labs/insec_des_lab/main.py": {
      "CONFIDENCE.HIGH": 2,
      "CONFIDENCE.LOW": 0,
      "CONFIDENCE.MEDIUM": 1,
      "CONFIDENCE.UNDEFINED": 0,
      "SEVERITY.HIGH": 0,
      "SEVERITY.LOW": 1,
      "SEVERITY.MEDIUM": 2,
      "SEVERITY.UNDEFINED": 0,
      "loc": 38,
      "nosec": 0,
      "skipped_tests": 0
    },
    "./dockerized_labs/sensitive_data_exposure/dataexposure/__init__.py": {
      "CONFIDENCE.HIGH": 0,
      "CONFIDENCE.LOW": 0,
      "CONFIDENCE.MEDIUM": 0,
      "CONFIDENCE.UNDEFINED": 0,
      "SEVERITY.HIGH": 0,
      "SEVERITY.LOW": 0,
      "SEVERITY.MEDIUM": 0,
      "SEVERITY.UNDEFINED": 0,
      "loc": 0,
      "nosec": 0,
      "skipped_tests": 0
    },
    "./dockerized_labs/sensitive_data_exposure/dataexposure/forms.py": {
      "CONFIDENCE.HIGH": 0,
      "CONFIDENCE.LOW": 0,
      "CONFIDENCE.MEDIUM": 0,
      "CONFIDENCE.UNDEFINED": 0,
      "SEVERITY.HIGH": 0,
      "SEVERITY.LOW": 0,
      "SEVERITY.MEDIUM": 0,
      "SEVERITY.UNDEFINED": 0,
      "loc": 8,
      "nosec": 0,
      "skipped_tests": 0
    },
    "./dockerized_labs/sensitive_data_exposure/dataexposure/migrations/0001_initial.py": {
      "CONFIDENCE.HIGH": 0,
      "CONFIDENCE.LOW": 0,
      "CONFIDENCE.MEDIUM": 0,
      "CONFIDENCE.UNDEFINED": 0,
      "SEVERITY.HIGH": 0,
      "SEVERITY.LOW": 0,
      "SEVERITY.MEDIUM": 0,
      "SEVERITY.UNDEFINED": 0,
      "loc": 20,
      "nosec": 0,
      "skipped_tests": 0
    },
    "./dockerized_labs/sensitive_data_exposure/dataexposure/migrations/__init__.py": {
      "CONFIDENCE.HIGH": 0,
      "CONFIDENCE.LOW": 0,
      "CONFIDENCE.MEDIUM": 0,
      "CONFIDENCE.UNDEFINED": 0,
      "SEVERITY.HIGH": 0,
      "SEVERITY.LOW": 0,
      "SEVERITY.MEDIUM": 0,
      "SEVERITY.UNDEFINED": 0,
      "loc": 0,
      "nosec": 0,
      "skipped_tests": 0
    },
    "./dockerized_labs/sensitive_data_exposure/dataexposure/models.py": {
      "CONFIDENCE.HIGH": 0,
      "CONFIDENCE.LOW": 0,
      "CONFIDENCE.MEDIUM": 0,
      "CONFIDENCE.UNDEFINED": 0,
      "SEVERITY.HIGH": 0,
      "SEVERITY.LOW": 0,
      "SEVERITY.MEDIUM": 0,
      "SEVERITY.UNDEFINED": 0,
      "loc": 9,
      "nosec": 0,
      "skipped_tests": 0
    },
    "./dockerized_labs/sensitive_data_exposure/dataexposure/urls.py": {
      "CONFIDENCE.HIGH": 0,
      "CONFIDENCE.LOW": 0,
      "CONFIDENCE.MEDIUM": 0,
      "CONFIDENCE.UNDEFINED": 0,
      "SEVERITY.HIGH": 0,
      "SEVERITY.LOW": 0,
      "SEVERITY.MEDIUM": 0,
      "SEVERITY.UNDEFINED": 0,
      "loc": 13,
      "nosec": 0,
      "skipped_tests": 0
    },
    "./dockerized_labs/sensitive_data_exposure/dataexposure/views.py": {
      "CONFIDENCE.HIGH": 1,
      "CONFIDENCE.LOW": 0,
      "CONFIDENCE.MEDIUM": 0,
      "CONFIDENCE.UNDEFINED": 0,
      "SEVERITY.HIGH": 0,
      "SEVERITY.LOW": 1,
      "SEVERITY.MEDIUM": 0,
      "SEVERITY.UNDEFINED": 0,
      "loc": 98,
      "nosec": 0,
      "skipped_tests": 0
    },
    "./dockerized_labs/sensitive_data_exposure/manage.py": {
      "CONFIDENCE.HIGH": 0,
      "CONFIDENCE.LOW": 0,
      "CONFIDENCE.MEDIUM": 0,
      "CONFIDENCE.UNDEFINED": 0,
      "SEVERITY.HIGH": 0,
      "SEVERITY.LOW": 0,
      "SEVERITY.MEDIUM": 0,
      "SEVERITY.UNDEFINED": 0,
      "loc": 17,
      "nosec": 0,
      "skipped_tests": 0
    },
    "./dockerized_labs/sensitive_data_exposure/sensitive_data_lab/__init__.py": {
      "CONFIDENCE.HIGH": 0,
      "CONFIDENCE.LOW": 0,
      "CONFIDENCE.MEDIUM": 0,
      "CONFIDENCE.UNDEFINED": 0,
      "SEVERITY.HIGH": 0,
      "SEVERITY.LOW": 0,
      "SEVERITY.MEDIUM": 0,
      "SEVERITY.UNDEFINED": 0,
      "loc": 0,
      "nosec": 0,
      "skipped_tests": 0
    },
    "./dockerized_labs/sensitive_data_exposure/sensitive_data_lab/settings.py": {
      "CONFIDENCE.HIGH": 0,
      "CONFIDENCE.LOW": 0,
      "CONFIDENCE.MEDIUM": 1,
      "CONFIDENCE.UNDEFINED": 0,
      "SEVERITY.HIGH": 0,
      "SEVERITY.LOW": 1,
      "SEVERITY.MEDIUM": 0,
      "SEVERITY.UNDEFINED": 0,
      "loc": 79,
      "nosec": 0,
      "skipped_tests": 0
    },
    "./dockerized_labs/sensitive_data_exposure/sensitive_data_lab/urls.py": {
      "CONFIDENCE.HIGH": 0,
      "CONFIDENCE.LOW": 0,
      "CONFIDENCE.MEDIUM": 0,
      "CONFIDENCE.UNDEFINED": 0,
      "SEVERITY.HIGH": 0,
      "SEVERITY.LOW": 0,
      "SEVERITY.MEDIUM": 0,
      "SEVERITY.UNDEFINED": 0,
      "loc": 6,
      "nosec": 0,
      "skipped_tests": 0
    },
    "./dockerized_labs/sensitive_data_exposure/sensitive_data_lab/wsgi.py": {
      "CONFIDENCE.HIGH": 0,
      "CONFIDENCE.LOW": 0,
      "CONFIDENCE.MEDIUM": 0,
      "CONFIDENCE.UNDEFINED": 0,
      "SEVERITY.HIGH": 0,
      "SEVERITY.LOW": 0,
      "SEVERITY.MEDIUM": 0,
      "SEVERITY.UNDEFINED": 0,
      "loc": 4,
      "nosec": 0,
      "skipped_tests": 0
    },
    "./introduction/__init__.py": {
      "CONFIDENCE.HIGH": 0,
      "CONFIDENCE.LOW": 0,
      "CONFIDENCE.MEDIUM": 0,
      "CONFIDENCE.UNDEFINED": 0,
      "SEVERITY.HIGH": 0,
      "SEVERITY.LOW": 0,
      "SEVERITY.MEDIUM": 0,
      "SEVERITY.UNDEFINED": 0,
      "loc": 0,
      "nosec": 0,
      "skipped_tests": 0
    },
    "./introduction/admin.py": {
      "CONFIDENCE.HIGH": 0,
      "CONFIDENCE.LOW": 0,
      "CONFIDENCE.MEDIUM": 0,
      "CONFIDENCE.UNDEFINED": 0,
      "SEVERITY.HIGH": 0,
      "SEVERITY.LOW": 0,
      "SEVERITY.MEDIUM": 0,
      "SEVERITY.UNDEFINED": 0,
      "loc": 13,
      "nosec": 0,
      "skipped_tests": 0
    },
    "./introduction/apis.py": {
      "CONFIDENCE.HIGH": 0,
      "CONFIDENCE.LOW": 0,
      "CONFIDENCE.MEDIUM": 0,
      "CONFIDENCE.UNDEFINED": 0,
      "SEVERITY.HIGH": 0,
      "SEVERITY.LOW": 0,
      "SEVERITY.MEDIUM": 0,
      "SEVERITY.UNDEFINED": 0,
      "loc": 109,
      "nosec": 0,
      "skipped_tests": 0
    },
    "./introduction/apps.py": {
      "CONFIDENCE.HIGH": 0,
      "CONFIDENCE.LOW": 0,
      "CONFIDENCE.MEDIUM": 0,
      "CONFIDENCE.UNDEFINED": 0,
      "SEVERITY.HIGH": 0,
      "SEVERITY.LOW": 0,
      "SEVERITY.MEDIUM": 0,
      "SEVERITY.UNDEFINED": 0,
      "loc": 3,
      "nosec": 0,
      "skipped_tests": 0
    },
    "./introduction/forms.py": {
      "CONFIDENCE.HIGH": 0,
      "CONFIDENCE.LOW": 0,
      "CONFIDENCE.MEDIUM": 0,
      "CONFIDENCE.UNDEFINED": 0,
      "SEVERITY.HIGH": 0,
      "SEVERITY.LOW": 0,
      "SEVERITY.MEDIUM": 0,
      "SEVERITY.UNDEFINED": 0,
      "loc": 14,
      "nosec": 0,
      "skipped_tests": 0
    },
    "./introduction/lab_code/test.py": {
      "CONFIDENCE.HIGH": 2,
      "CONFIDENCE.LOW": 0,
      "CONFIDENCE.MEDIUM": 0,
      "CONFIDENCE.UNDEFINED": 0,
      "SEVERITY.HIGH": 0,
      "SEVERITY.LOW": 1,
      "SEVERITY.MEDIUM": 1,
      "SEVERITY.UNDEFINED": 0,
      "loc": 23,
      "nosec": 0,
      "skipped_tests": 0
    },
    "./introduction/migrations/0001_initial.py": {
      "CONFIDENCE.HIGH": 0,
      "CONFIDENCE.LOW": 0,
      "CONFIDENCE.MEDIUM": 0,
      "CONFIDENCE.UNDEFINED": 0,
      "SEVERITY.HIGH": 0,
      "SEVERITY.LOW": 0,
      "SEVERITY.MEDIUM": 0,
      "SEVERITY.UNDEFINED": 0,
      "loc": 16,
      "nosec": 0,
      "skipped_tests": 0
    },
    "./introduction/migrations/0002_auto_20210414_1510.py": {
      "CONFIDENCE.HIGH": 0,
      "CONFIDENCE.LOW": 0,
      "CONFIDENCE.MEDIUM": 0,
      "CONFIDENCE.UNDEFINED": 0,
      "SEVERITY.HIGH": 0,
      "SEVERITY.LOW": 0,
      "SEVERITY.MEDIUM": 0,
      "SEVERITY.UNDEFINED": 0,
      "loc": 25,
      "nosec": 0,
      "skipped_tests": 0
    },
    "./introduction/migrations/0003_password_user.py": {
      "CONFIDENCE.HIGH": 0,
      "CONFIDENCE.LOW": 0,
      "CONFIDENCE.MEDIUM": 0,
      "CONFIDENCE.UNDEFINED": 0,
      "SEVERITY.HIGH": 0,
      "SEVERITY.LOW": 0,
      "SEVERITY.MEDIUM": 0,
      "SEVERITY.UNDEFINED": 0,
      "loc": 23,
      "nosec": 0,
      "skipped_tests": 0
    },
    "./introduction/migrations/0004_auto_20210415_1722.py": {
      "CONFIDENCE.HIGH": 0,
      "CONFIDENCE.LOW": 0,
      "CONFIDENCE.MEDIUM": 0,
      "CONFIDENCE.UNDEFINED": 0,
      "SEVERITY.HIGH": 0,
      "SEVERITY.LOW": 0,
      "SEVERITY.MEDIUM": 0,
      "SEVERITY.UNDEFINED": 0,
      "loc": 16,
      "nosec": 0,
      "skipped_tests": 0
    },
    "./introduction/migrations/0005_auto_20210415_1748.py": {
      "CONFIDENCE.HIGH": 0,
      "CONFIDENCE.LOW": 0,
      "CONFIDENCE.MEDIUM": 0,
      "CONFIDENCE.UNDEFINED": 0,
      "SEVERITY.HIGH": 0,
      "SEVERITY.LOW": 0,
      "SEVERITY.MEDIUM": 0,
      "SEVERITY.UNDEFINED": 0,
      "loc": 11,
      "nosec": 0,
      "skipped_tests": 0
    },
    "./introduction/migrations/0006_comments.py": {
      "CONFIDENCE.HIGH": 0,
      "CONFIDENCE.LOW": 0,
      "CONFIDENCE.MEDIUM": 0,
      "CONFIDENCE.UNDEFINED": 0,
      "SEVERITY.HIGH": 0,
      "SEVERITY.LOW": 0,
      "SEVERITY.MEDIUM": 0,
      "SEVERITY.UNDEFINED": 0,
      "loc": 15,
      "nosec": 0,
      "skipped_tests": 0
    },
    "./introduction/migrations/0007_auto_20210418_0022.py": {
      "CONFIDENCE.HIGH": 0,
      "CONFIDENCE.LOW": 0,
      "CONFIDENCE.MEDIUM": 0,
      "CONFIDENCE.UNDEFINED": 0,
      "SEVERITY.HIGH": 0,
      "SEVERITY.LOW": 0,
      "SEVERITY.MEDIUM": 0,
      "SEVERITY.UNDEFINED": 0,
      "loc": 12,
      "nosec": 0,
      "skipped_tests": 0
    },
    "./introduction/migrations/0008_otp.py": {
      "CONFIDENCE.HIGH": 0,
      "CONFIDENCE.LOW": 0,
      "CONFIDENCE.MEDIUM": 0,
      "CONFIDENCE.UNDEFINED": 0,
      "SEVERITY.HIGH": 0,
      "SEVERITY.LOW": 0,
      "SEVERITY.MEDIUM": 0,
      "SEVERITY.UNDEFINED": 0,
      "loc": 15,
      "nosec": 0,
      "skipped_tests": 0
    },
    "./introduction/migrations/0009_auto_20210517_2047.py": {
      "CONFIDENCE.HIGH": 0,
      "CONFIDENCE.LOW": 0,
      "CONFIDENCE.MEDIUM": 0,
      "CONFIDENCE.UNDEFINED": 0,
      "SEVERITY.HIGH": 0,
      "SEVERITY.LOW": 0,
      "SEVERITY.MEDIUM": 0,
      "SEVERITY.UNDEFINED": 0,
      "loc": 13,
      "nosec": 0,
      "skipped_tests": 0
    },
    "./introduction/migrations/0010_authlogin.py": {
      "CONFIDENCE.HIGH": 0,
      "CONFIDENCE.LOW": 0,
      "CONFIDENCE.MEDIUM": 0,
      "CONFIDENCE.UNDEFINED": 0,
      "SEVERITY.HIGH": 0,
      "SEVERITY.LOW": 0,
      "SEVERITY.MEDIUM": 0,
      "SEVERITY.UNDEFINED": 0,
      "loc": 16,
      "nosec": 0,
      "skipped_tests": 0
    },
    "./introduction/migrations/0011_tickits.py": {
      "CONFIDENCE.HIGH": 0,
      "CONFIDENCE.LOW": 0,
      "CONFIDENCE.MEDIUM": 0,
      "CONFIDENCE.UNDEFINED": 0,
      "SEVERITY.HIGH": 0,
      "SEVERITY.LOW": 0,
      "SEVERITY.MEDIUM": 0,
      "SEVERITY.UNDEFINED": 0,
      "loc": 16,
      "nosec": 0,
      "skipped_tests": 0
    },
    "./introduction/migrations/0012_alter_tickits_user.py": {
      "CONFIDENCE.HIGH": 0,
      "CONFIDENCE.LOW": 0,
      "CONFIDENCE.MEDIUM": 0,
      "CONFIDENCE.UNDEFINED": 0,
      "SEVERITY.HIGH": 0,
      "SEVERITY.LOW": 0,
      "SEVERITY.MEDIUM": 0,
      "SEVERITY.UNDEFINED": 0,
      "loc": 15,
      "nosec": 0,
      "skipped_tests": 0
    },
    "./introduction/migrations/0013_alter_comments_id_alter_faang_id_alter_info_id_and_more.py": {
      "CONFIDENCE.HIGH": 0,
      "CONFIDENCE.LOW": 0,
      "CONFIDENCE.MEDIUM": 0,
      "CONFIDENCE.UNDEFINED": 0,
      "SEVERITY.HIGH": 0,
      "SEVERITY.LOW": 0,
      "SEVERITY.MEDIUM": 0,
      "SEVERITY.UNDEFINED": 0,
      "loc": 37,
      "nosec": 0,
      "skipped_tests": 0
    },
    "./introduction/migrations/0014_sql_lab_table.py": {
      "CONFIDENCE.HIGH": 0,
      "CONFIDENCE.LOW": 0,
      "CONFIDENCE.MEDIUM": 0,
      "CONFIDENCE.UNDEFINED": 0,
      "SEVERITY.HIGH": 0,
      "SEVERITY.LOW": 0,
      "SEVERITY.MEDIUM": 0,
      "SEVERITY.UNDEFINED": 0,
      "loc": 14,
      "nosec": 0,
      "skipped_tests": 0
    },
    "./introduction/migrations/0015_blogs.py": {
      "CONFIDENCE.HIGH": 0,
      "CONFIDENCE.LOW": 0,
      "CONFIDENCE.MEDIUM": 0,
      "CONFIDENCE.UNDEFINED": 0,
      "SEVERITY.HIGH": 0,
      "SEVERITY.LOW": 0,
      "SEVERITY.MEDIUM": 0,
      "SEVERITY.UNDEFINED": 0,
      "loc": 18,
      "nosec": 0,
      "skipped_tests": 0
    },
    "./introduction/migrations/0016_alter_blogs_blog_id.py": {
      "CONFIDENCE.HIGH": 0,
      "CONFIDENCE.LOW": 0,
      "CONFIDENCE.MEDIUM": 0,
      "CONFIDENCE.UNDEFINED": 0,
      "SEVERITY.HIGH": 0,
      "SEVERITY.LOW": 0,
      "SEVERITY.MEDIUM": 0,
      "SEVERITY.UNDEFINED": 0,
      "loc": 12,
      "nosec": 0,
      "skipped_tests": 0
    },
    "./introduction/migrations/0017_cf_user.py": {
      "CONFIDENCE.HIGH": 0,
      "CONFIDENCE.LOW": 0,
      "CONFIDENCE.MEDIUM": 0,
      "CONFIDENCE.UNDEFINED": 0,
      "SEVERITY.HIGH": 0,
      "SEVERITY.LOW": 0,
      "SEVERITY.MEDIUM": 0,
      "SEVERITY.UNDEFINED": 0,
      "loc": 21,
      "nosec": 0,
      "skipped_tests": 0
    },
    "./introduction/migrations/0018_cf_user_password2.py": {
      "CONFIDENCE.HIGH": 0,
      "CONFIDENCE.LOW": 0,
      "CONFIDENCE.MEDIUM": 0,
      "CONFIDENCE.UNDEFINED": 0,
      "SEVERITY.HIGH": 0,
      "SEVERITY.LOW": 0,
      "SEVERITY.MEDIUM": 0,
      "SEVERITY.UNDEFINED": 0,
      "loc": 19,
      "nosec": 0,
      "skipped_tests": 0
    },
    "./introduction/migrations/0019_af_admin.py": {
      "CONFIDENCE.HIGH": 0,
      "CONFIDENCE.LOW": 0,
      "CONFIDENCE.MEDIUM": 0,
      "CONFIDENCE.UNDEFINED": 0,
      "SEVERITY.HIGH": 0,
      "SEVERITY.LOW": 0,
      "SEVERITY.MEDIUM": 0,
      "SEVERITY.UNDEFINED": 0,
      "loc": 21,
      "nosec": 0,
      "skipped_tests": 0
    },
    "./introduction/migrations/0020_af_session_id_alter_af_admin_lockout_cooldown.py": {
      "CONFIDENCE.HIGH": 0,
      "CONFIDENCE.LOW": 0,
      "CONFIDENCE.MEDIUM": 0,
      "CONFIDENCE.UNDEFINED": 0,
      "SEVERITY.HIGH": 0,
      "SEVERITY.LOW": 0,
      "SEVERITY.MEDIUM": 0,
      "SEVERITY.UNDEFINED": 0,
      "loc": 20,
      "nosec": 0,
      "skipped_tests": 0
    },
    "./introduction/migrations/0021_csrf_user_tbl.py": {
      "CONFIDENCE.HIGH": 0,
      "CONFIDENCE.LOW": 0,
      "CONFIDENCE.MEDIUM": 0,
      "CONFIDENCE.UNDEFINED": 0,
      "SEVERITY.HIGH": 0,
      "SEVERITY.LOW": 0,
      "SEVERITY.MEDIUM": 0,
      "SEVERITY.UNDEFINED": 0,
      "loc": 17,
      "nosec": 0,
      "skipped_tests": 0
    },
    "./introduction/migrations/__init__.py": {
      "CONFIDENCE.HIGH": 0,
      "CONFIDENCE.LOW": 0,
      "CONFIDENCE.MEDIUM": 0,
      "CONFIDENCE.UNDEFINED": 0,
      "SEVERITY.HIGH": 0,
      "SEVERITY.LOW": 0,
      "SEVERITY.MEDIUM": 0,
      "SEVERITY.UNDEFINED": 0,
      "loc": 0,
      "nosec": 0,
      "skipped_tests": 0
    },
    "./introduction/mitre.py": {
      "CONFIDENCE.HIGH": 4,
      "CONFIDENCE.LOW": 0,
      "CONFIDENCE.MEDIUM": 0,
      "CONFIDENCE.UNDEFINED": 0,
      "SEVERITY.HIGH": 1,
      "SEVERITY.LOW": 1,
      "SEVERITY.MEDIUM": 2,
      "SEVERITY.UNDEFINED": 0,
      "loc": 194,
      "nosec": 0,
      "skipped_tests": 0
    },
    "./introduction/models.py": {
      "CONFIDENCE.HIGH": 0,
      "CONFIDENCE.LOW": 0,
      "CONFIDENCE.MEDIUM": 0,
      "CONFIDENCE.UNDEFINED": 0,
      "SEVERITY.HIGH": 0,
      "SEVERITY.LOW": 0,
      "SEVERITY.MEDIUM": 0,
      "SEVERITY.UNDEFINED": 0,
      "loc": 78,
      "nosec": 0,
      "skipped_tests": 0
    },
    "./introduction/playground/A6/soln.py": {
      "CONFIDENCE.HIGH": 0,
      "CONFIDENCE.LOW": 1,
      "CONFIDENCE.MEDIUM": 0,
      "CONFIDENCE.UNDEFINED": 0,
      "SEVERITY.HIGH": 0,
      "SEVERITY.LOW": 0,
      "SEVERITY.MEDIUM": 1,
      "SEVERITY.UNDEFINED": 0,
      "loc": 13,
      "nosec": 0,
      "skipped_tests": 0
    },
    "./introduction/playground/A6/utility.py": {
      "CONFIDENCE.HIGH": 0,
      "CONFIDENCE.LOW": 1,
      "CONFIDENCE.MEDIUM": 0,
      "CONFIDENCE.UNDEFINED": 0,
      "SEVERITY.HIGH": 0,
      "SEVERITY.LOW": 0,
      "SEVERITY.MEDIUM": 1,
      "SEVERITY.UNDEFINED": 0,
      "loc": 13,
      "nosec": 0,
      "skipped_tests": 0
    },
    "./introduction/playground/A9/api.py": {
      "CONFIDENCE.HIGH": 0,
      "CONFIDENCE.LOW": 0,
      "CONFIDENCE.MEDIUM": 1,
      "CONFIDENCE.UNDEFINED": 0,
      "SEVERITY.HIGH": 0,
      "SEVERITY.LOW": 1,
      "SEVERITY.MEDIUM": 0,
      "SEVERITY.UNDEFINED": 0,
      "loc": 30,
      "nosec": 0,
      "skipped_tests": 0
    },
    "./introduction/playground/A9/archive.py": {
      "CONFIDENCE.HIGH": 0,
      "CONFIDENCE.LOW": 0,
      "CONFIDENCE.MEDIUM": 1,
      "CONFIDENCE.UNDEFINED": 0,
      "SEVERITY.HIGH": 0,
      "SEVERITY.LOW": 1,
      "SEVERITY.MEDIUM": 0,
      "SEVERITY.UNDEFINED": 0,
      "loc": 49,
      "nosec": 0,
      "skipped_tests": 0
    },
    "./introduction/playground/A9/main.py": {
      "CONFIDENCE.HIGH": 0,
      "CONFIDENCE.LOW": 0,
      "CONFIDENCE.MEDIUM": 0,
      "CONFIDENCE.UNDEFINED": 0,
      "SEVERITY.HIGH": 0,
      "SEVERITY.LOW": 0,
      "SEVERITY.MEDIUM": 0,
      "SEVERITY.UNDEFINED": 0,
      "loc": 10,
      "nosec": 0,
      "skipped_tests": 0
    },
    "./introduction/playground/__init__.py": {
      "CONFIDENCE.HIGH": 0,
      "CONFIDENCE.LOW": 0,
      "CONFIDENCE.MEDIUM": 0,
      "CONFIDENCE.UNDEFINED": 0,
      "SEVERITY.HIGH": 0,
      "SEVERITY.LOW": 0,
      "SEVERITY.MEDIUM": 0,
      "SEVERITY.UNDEFINED": 0,
      "loc": 0,
      "nosec": 0,
      "skipped_tests": 0
    },
    "./introduction/playground/ssrf/__init__.py": {
      "CONFIDENCE.HIGH": 0,
      "CONFIDENCE.LOW": 0,
      "CONFIDENCE.MEDIUM": 0,
      "CONFIDENCE.UNDEFINED": 0,
      "SEVERITY.HIGH": 0,
      "SEVERITY.LOW": 0,
      "SEVERITY.MEDIUM": 0,
      "SEVERITY.UNDEFINED": 0,
      "loc": 0,
      "nosec": 0,
      "skipped_tests": 0
    },
    "./introduction/playground/ssrf/main.py": {
      "CONFIDENCE.HIGH": 0,
      "CONFIDENCE.LOW": 0,
      "CONFIDENCE.MEDIUM": 0,
      "CONFIDENCE.UNDEFINED": 0,
      "SEVERITY.HIGH": 0,
      "SEVERITY.LOW": 0,
      "SEVERITY.MEDIUM": 0,
      "SEVERITY.UNDEFINED": 0,
      "loc": 10,
      "nosec": 0,
      "skipped_tests": 0
    },
    "./introduction/playground/ssrf/test.py": {
      "CONFIDENCE.HIGH": 0,
      "CONFIDENCE.LOW": 0,
      "CONFIDENCE.MEDIUM": 0,
      "CONFIDENCE.UNDEFINED": 0,
      "SEVERITY.HIGH": 0,
      "SEVERITY.LOW": 0,
      "SEVERITY.MEDIUM": 0,
      "SEVERITY.UNDEFINED": 0,
      "loc": 29,
      "nosec": 0,
      "skipped_tests": 0
    },
    "./introduction/tests.py": {
      "CONFIDENCE.HIGH": 0,
      "CONFIDENCE.LOW": 0,
      "CONFIDENCE.MEDIUM": 0,
      "CONFIDENCE.UNDEFINED": 0,
      "SEVERITY.HIGH": 0,
      "SEVERITY.LOW": 0,
      "SEVERITY.MEDIUM": 0,
      "SEVERITY.UNDEFINED": 0,
      "loc": 1,
      "nosec": 0,
      "skipped_tests": 0
    },
    "./introduction/urls.py": {
      "CONFIDENCE.HIGH": 0,
      "CONFIDENCE.LOW": 0,
      "CONFIDENCE.MEDIUM": 0,
      "CONFIDENCE.UNDEFINED": 0,
      "SEVERITY.HIGH": 0,
      "SEVERITY.LOW": 0,
      "SEVERITY.MEDIUM": 0,
      "SEVERITY.UNDEFINED": 0,
      "loc": 119,
      "nosec": 0,
      "skipped_tests": 0
    },
    "./introduction/utility.py": {
      "CONFIDENCE.HIGH": 0,
      "CONFIDENCE.LOW": 0,
      "CONFIDENCE.MEDIUM": 0,
      "CONFIDENCE.UNDEFINED": 0,
      "SEVERITY.HIGH": 0,
      "SEVERITY.LOW": 0,
      "SEVERITY.MEDIUM": 0,
      "SEVERITY.UNDEFINED": 0,
      "loc": 47,
      "nosec": 0,
      "skipped_tests": 0
    },
    "./introduction/views.py": {
      "CONFIDENCE.HIGH": 15,
      "CONFIDENCE.LOW": 3,
      "CONFIDENCE.MEDIUM": 9,
      "CONFIDENCE.UNDEFINED": 0,
      "SEVERITY.HIGH": 1,
      "SEVERITY.LOW": 17,
      "SEVERITY.MEDIUM": 9,
      "SEVERITY.UNDEFINED": 0,
      "loc": 992,
      "nosec": 0,
      "skipped_tests": 0
    },
    "./manage.py": {
      "CONFIDENCE.HIGH": 0,
      "CONFIDENCE.LOW": 0,
      "CONFIDENCE.MEDIUM": 0,
      "CONFIDENCE.UNDEFINED": 0,
      "SEVERITY.HIGH": 0,
      "SEVERITY.LOW": 0,
      "SEVERITY.MEDIUM": 0,
      "SEVERITY.UNDEFINED": 0,
      "loc": 16,
      "nosec": 0,
      "skipped_tests": 0
    },
    "./pygoat/__init__.py": {
      "CONFIDENCE.HIGH": 0,
      "CONFIDENCE.LOW": 0,
      "CONFIDENCE.MEDIUM": 0,
      "CONFIDENCE.UNDEFINED": 0,
      "SEVERITY.HIGH": 0,
      "SEVERITY.LOW": 0,
      "SEVERITY.MEDIUM": 0,
      "SEVERITY.UNDEFINED": 0,
      "loc": 0,
      "nosec": 0,
      "skipped_tests": 0
    },
    "./pygoat/asgi.py": {
      "CONFIDENCE.HIGH": 0,
      "CONFIDENCE.LOW": 0,
      "CONFIDENCE.MEDIUM": 0,
      "CONFIDENCE.UNDEFINED": 0,
      "SEVERITY.HIGH": 0,
      "SEVERITY.LOW": 0,
      "SEVERITY.MEDIUM": 0,
      "SEVERITY.UNDEFINED": 0,
      "loc": 10,
      "nosec": 0,
      "skipped_tests": 0
    },
    "./pygoat/settings.py": {
      "CONFIDENCE.HIGH": 0,
      "CONFIDENCE.LOW": 0,
      "CONFIDENCE.MEDIUM": 2,
      "CONFIDENCE.UNDEFINED": 0,
      "SEVERITY.HIGH": 0,
      "SEVERITY.LOW": 2,
      "SEVERITY.MEDIUM": 0,
      "SEVERITY.UNDEFINED": 0,
      "loc": 109,
      "nosec": 0,
      "skipped_tests": 0
    },
    "./pygoat/urls.py": {
      "CONFIDENCE.HIGH": 0,
      "CONFIDENCE.LOW": 0,
      "CONFIDENCE.MEDIUM": 0,
      "CONFIDENCE.UNDEFINED": 0,
      "SEVERITY.HIGH": 0,
      "SEVERITY.LOW": 0,
      "SEVERITY.MEDIUM": 0,
      "SEVERITY.UNDEFINED": 0,
      "loc": 27,
      "nosec": 0,
      "skipped_tests": 0
    },
    "./pygoat/wsgi.py": {
      "CONFIDENCE.HIGH": 0,
      "CONFIDENCE.LOW": 0,
      "CONFIDENCE.MEDIUM": 0,
      "CONFIDENCE.UNDEFINED": 0,
      "SEVERITY.HIGH": 0,
      "SEVERITY.LOW": 0,
      "SEVERITY.MEDIUM": 0,
      "SEVERITY.UNDEFINED": 0,
      "loc": 10,
      "nosec": 0,
      "skipped_tests": 0
    },
    "./setup.py": {
      "CONFIDENCE.HIGH": 0,
      "CONFIDENCE.LOW": 0,
      "CONFIDENCE.MEDIUM": 0,
      "CONFIDENCE.UNDEFINED": 0,
      "SEVERITY.HIGH": 0,
      "SEVERITY.LOW": 0,
      "SEVERITY.MEDIUM": 0,
      "SEVERITY.UNDEFINED": 0,
      "loc": 19,
      "nosec": 0,
      "skipped_tests": 0
    },
    "./uninstaller.py": {
      "CONFIDENCE.HIGH": 4,
      "CONFIDENCE.LOW": 0,
      "CONFIDENCE.MEDIUM": 0,
      "CONFIDENCE.UNDEFINED": 0,
      "SEVERITY.HIGH": 0,
      "SEVERITY.LOW": 4,
      "SEVERITY.MEDIUM": 0,
      "SEVERITY.UNDEFINED": 0,
      "loc": 102,
      "nosec": 0,
      "skipped_tests": 0
    },
    "_totals": {
      "CONFIDENCE.HIGH": 35,
      "CONFIDENCE.LOW": 5,
      "CONFIDENCE.MEDIUM": 18,
      "CONFIDENCE.UNDEFINED": 0,
      "SEVERITY.HIGH": 3,
      "SEVERITY.LOW": 37,
      "SEVERITY.MEDIUM": 18,
      "SEVERITY.UNDEFINED": 0,
      "loc": 3120,
      "nosec": 0,
      "skipped_tests": 0
    }
  },
  "results": [
    {
      "code": "85             # Vulnerable: Predictable token generation\n86             token = hashlib.md5(f\"{email}:{datetime.now()}\".encode()).hexdigest()\n87             password_reset_tokens[token] = username\n",
      "col_offset": 20,
      "end_col_offset": 69,
      "filename": "./dockerized_labs/broken_auth_lab/app.py",
      "issue_confidence": "HIGH",
      "issue_cwe": {
        "id": 327,
        "link": "https://cwe.mitre.org/data/definitions/327.html"
      },
      "issue_severity": "MEDIUM",
      "issue_text": "Use of insecure MD2, MD4, MD5, or SHA1 hash function.",
      "line_number": 86,
      "line_range": [
        86
      ],
      "more_info": "https://bandit.readthedocs.io/en/1.7.10/blacklists/blacklist_calls.html#b303-md5",
      "test_id": "B303",
      "test_name": "blacklist"
    },
    {
      "code": "122 if __name__ == '__main__':\n123     app.run(host='0.0.0.0', port=5000, debug=True)  # Vulnerable: Debug mode enabled in production \n",
      "col_offset": 4,
      "end_col_offset": 50,
      "filename": "./dockerized_labs/broken_auth_lab/app.py",
      "issue_confidence": "MEDIUM",
      "issue_cwe": {
        "id": 94,
        "link": "https://cwe.mitre.org/data/definitions/94.html"
      },
      "issue_severity": "HIGH",
      "issue_text": "A Flask app appears to be run with debug=True, which exposes the Werkzeug debugger and allows the execution of arbitrary code.",
      "line_number": 123,
      "line_range": [
        123
      ],
      "more_info": "https://bandit.readthedocs.io/en/1.7.10/plugins/b201_flask_debug_true.html",
      "test_id": "B201",
      "test_name": "flask_debug_true"
    },
    {
      "code": "122 if __name__ == '__main__':\n123     app.run(host='0.0.0.0', port=5000, debug=True)  # Vulnerable: Debug mode enabled in production \n",
      "col_offset": 17,
      "end_col_offset": 26,
      "filename": "./dockerized_labs/broken_auth_lab/app.py",
      "issue_confidence": "MEDIUM",
      "issue_cwe": {
        "id": 605,
        "link": "https://cwe.mitre.org/data/definitions/605.html"
      },
      "issue_severity": "MEDIUM",
      "issue_text": "Possible binding to all interfaces.",
      "line_number": 123,
      "line_range": [
        123
      ],
      "more_info": "https://bandit.readthedocs.io/en/1.7.10/plugins/b104_hardcoded_bind_all_interfaces.html",
      "test_id": "B104",
      "test_name": "hardcoded_bind_all_interfaces"
    },
    {
      "code": "35         # Intentionally vulnerable deserialization, matching PyGoat\n36         user = pickle.loads(decoded_data)\n37         \n",
      "col_offset": 15,
      "end_col_offset": 41,
      "filename": "./dockerized_labs/insec_des_lab/main.py",
      "issue_confidence": "HIGH",
      "issue_cwe": {
        "id": 502,
        "link": "https://cwe.mitre.org/data/definitions/502.html"
      },
      "issue_severity": "MEDIUM",
      "issue_text": "Pickle and modules that wrap it can be unsafe when used to deserialize untrusted data, possible security issue.",
      "line_number": 36,
      "line_range": [
        36
      ],
      "more_info": "https://bandit.readthedocs.io/en/1.7.10/blacklists/blacklist_calls.html#b301-pickle",
      "test_id": "B301",
      "test_name": "blacklist"
    },
    {
      "code": "50 if __name__ == '__main__':\n51     app.run(host='0.0.0.0', port=8080)\n52 \n",
      "col_offset": 17,
      "end_col_offset": 26,
      "filename": "./dockerized_labs/insec_des_lab/main.py",
      "issue_confidence": "MEDIUM",
      "issue_cwe": {
        "id": 605,
        "link": "https://cwe.mitre.org/data/definitions/605.html"
      },
      "issue_severity": "MEDIUM",
      "issue_text": "Possible binding to all interfaces.",
      "line_number": 51,
      "line_range": [
        51
      ],
      "more_info": "https://bandit.readthedocs.io/en/1.7.10/plugins/b104_hardcoded_bind_all_interfaces.html",
      "test_id": "B104",
      "test_name": "hardcoded_bind_all_interfaces"
    },
    {
      "code": "22 stream = open('/home/fox/test.yaml', 'r')\n23 data = yaml.load(stream)\n24 \n",
      "col_offset": 7,
      "end_col_offset": 24,
      "filename": "./introduction/lab_code/test.py",
      "issue_confidence": "HIGH",
      "issue_cwe": {
        "id": 20,
        "link": "https://cwe.mitre.org/data/definitions/20.html"
      },
      "issue_severity": "MEDIUM",
      "issue_text": "Use of unsafe yaml load. Allows instantiation of arbitrary objects. Consider yaml.safe_load().",
      "line_number": 23,
      "line_range": [
        23
      ],
      "more_info": "https://bandit.readthedocs.io/en/1.7.10/plugins/b506_yaml_load.html",
      "test_id": "B506",
      "test_name": "yaml_load"
    },
    {
      "code": "160         username = request.POST.get('username')\n161         password = md5(password.encode()).hexdigest()\n162         User = CSRF_user_tbl.objects.filter(username=username, password=password)\n",
      "col_offset": 19,
      "end_col_offset": 41,
      "filename": "./introduction/mitre.py",
      "issue_confidence": "HIGH",
      "issue_cwe": {
        "id": 327,
        "link": "https://cwe.mitre.org/data/definitions/327.html"
      },
      "issue_severity": "MEDIUM",
      "issue_text": "Use of insecure MD2, MD4, MD5, or SHA1 hash function.",
      "line_number": 161,
      "line_range": [
        161
      ],
      "more_info": "https://bandit.readthedocs.io/en/1.7.10/blacklists/blacklist_calls.html#b303-md5",
      "test_id": "B303",
      "test_name": "blacklist"
    },
    {
      "code": "217         expression = request.POST.get('expression')\n218         result = eval(expression)\n219         return JsonResponse({'result': result})\n",
      "col_offset": 17,
      "end_col_offset": 33,
      "filename": "./introduction/mitre.py",
      "issue_confidence": "HIGH",
      "issue_cwe": {
        "id": 78,
        "link": "https://cwe.mitre.org/data/definitions/78.html"
      },
      "issue_severity": "MEDIUM",
      "issue_text": "Use of possibly insecure function - consider using safer ast.literal_eval.",
      "line_number": 218,
      "line_range": [
        218
      ],
      "more_info": "https://bandit.readthedocs.io/en/1.7.10/blacklists/blacklist_calls.html#b307-eval",
      "test_id": "B307",
      "test_name": "blacklist"
    },
    {
      "code": "232 def command_out(command):\n233     process = subprocess.Popen(command, shell=True, stdout=subprocess.PIPE, stderr=subprocess.PIPE)\n234     return process.communicate()\n",
      "col_offset": 14,
      "end_col_offset": 99,
      "filename": "./introduction/mitre.py",
      "issue_confidence": "HIGH",
      "issue_cwe": {
        "id": 78,
        "link": "https://cwe.mitre.org/data/definitions/78.html"
      },
      "issue_severity": "HIGH",
      "issue_text": "subprocess call with shell=True identified, security issue.",
      "line_number": 233,
      "line_range": [
        233
      ],
      "more_info": "https://bandit.readthedocs.io/en/1.7.10/plugins/b602_subprocess_popen_with_shell_equals_true.html",
      "test_id": "B602",
      "test_name": "subprocess_popen_with_shell_equals_true"
    },
    {
      "code": "212             token = base64.b64decode(token)\n213             admin = pickle.loads(token)\n214             if admin.admin == 1:\n",
      "col_offset": 20,
      "end_col_offset": 39,
      "filename": "./introduction/views.py",
      "issue_confidence": "HIGH",
      "issue_cwe": {
        "id": 502,
        "link": "https://cwe.mitre.org/data/definitions/502.html"
      },
      "issue_severity": "MEDIUM",
      "issue_text": "Pickle and modules that wrap it can be unsafe when used to deserialize untrusted data, possible security issue.",
      "line_number": 213,
      "line_range": [
        213
      ],
      "more_info": "https://bandit.readthedocs.io/en/1.7.10/blacklists/blacklist_calls.html#b301-pickle",
      "test_id": "B301",
      "test_name": "blacklist"
    },
    {
      "code": "251 \n252     parser = make_parser()\n253     parser.setFeature(feature_external_ges, True)\n",
      "col_offset": 13,
      "end_col_offset": 26,
      "filename": "./introduction/views.py",
      "issue_confidence": "HIGH",
      "issue_cwe": {
        "id": 20,
        "link": "https://cwe.mitre.org/data/definitions/20.html"
      },
      "issue_severity": "MEDIUM",
      "issue_text": "Using xml.sax.make_parser to parse untrusted XML data is known to be vulnerable to XML attacks. Replace xml.sax.make_parser with its defusedxml equivalent function or make sure defusedxml.defuse_stdlib() is called",
      "line_number": 252,
      "line_range": [
        252
      ],
      "more_info": "https://bandit.readthedocs.io/en/1.7.10/blacklists/blacklist_calls.html#b313-b320-xml-bad-sax",
      "test_id": "B317",
      "test_name": "blacklist"
    },
    {
      "code": "253     parser.setFeature(feature_external_ges, True)\n254     doc = parseString(request.body.decode('utf-8'), parser=parser)\n255     for event, node in doc:\n",
      "col_offset": 10,
      "end_col_offset": 66,
      "filename": "./introduction/views.py",
      "issue_confidence": "HIGH",
      "issue_cwe": {
        "id": 20,
        "link": "https://cwe.mitre.org/data/definitions/20.html"
      },
      "issue_severity": "MEDIUM",
      "issue_text": "Using xml.dom.pulldom.parseString to parse untrusted XML data is known to be vulnerable to XML attacks. Replace xml.dom.pulldom.parseString with its defusedxml equivalent function or make sure defusedxml.defuse_stdlib() is called",
      "line_number": 254,
      "line_range": [
        254
      ],
      "more_info": "https://bandit.readthedocs.io/en/1.7.10/blacklists/blacklist_calls.html#b313-b320-xml-bad-pulldom",
      "test_id": "B319",
      "test_name": "blacklist"
    },
    {
      "code": "424                     command,\n425                     shell=True,\n426                     stdout=subprocess.PIPE, \n427                     stderr=subprocess.PIPE)\n428                 stdout, stderr = process.communicate()\n429                 data = stdout.decode('utf-8')\n430                 stderr = stderr.decode('utf-8')\n",
      "col_offset": 26,
      "end_col_offset": 43,
      "filename": "./introduction/views.py",
      "issue_confidence": "HIGH",
      "issue_cwe": {
        "id": 78,
        "link": "https://cwe.mitre.org/data/definitions/78.html"
      },
      "issue_severity": "HIGH",
      "issue_text": "subprocess call with shell=True identified, security issue.",
      "line_number": 425,
      "line_range": [
        423,
        424,
        425,
        426,
        427
      ],
      "more_info": "https://bandit.readthedocs.io/en/1.7.10/plugins/b602_subprocess_popen_with_shell_equals_true.html",
      "test_id": "B602",
      "test_name": "subprocess_popen_with_shell_equals_true"
    },
    {
      "code": "452             try:\n453                 output = eval(val)\n454             except:\n",
      "col_offset": 25,
      "end_col_offset": 34,
      "filename": "./introduction/views.py",
      "issue_confidence": "HIGH",
      "issue_cwe": {
        "id": 78,
        "link": "https://cwe.mitre.org/data/definitions/78.html"
      },
      "issue_severity": "MEDIUM",
      "issue_text": "Use of possibly insecure function - consider using safer ast.literal_eval.",
      "line_number": 453,
      "line_range": [
        453
      ],
      "more_info": "https://bandit.readthedocs.io/en/1.7.10/blacklists/blacklist_calls.html#b307-eval",
      "test_id": "B307",
      "test_name": "blacklist"
    },
    {
      "code": "552                 try :\n553                     data = yaml.load(file,yaml.Loader)\n554                     \n",
      "col_offset": 27,
      "end_col_offset": 54,
      "filename": "./introduction/views.py",
      "issue_confidence": "HIGH",
      "issue_cwe": {
        "id": 20,
        "link": "https://cwe.mitre.org/data/definitions/20.html"
      },
      "issue_severity": "MEDIUM",
      "issue_text": "Use of unsafe yaml load. Allows instantiation of arbitrary objects. Consider yaml.safe_load().",
      "line_number": 553,
      "line_range": [
        553
      ],
      "more_info": "https://bandit.readthedocs.io/en/1.7.10/plugins/b506_yaml_load.html",
      "test_id": "B506",
      "test_name": "yaml_load"
    },
    {
      "code": "1018             try:\n1019                 password = md5(password.encode()).hexdigest()\n1020                 user = CF_user.objects.filter(username=username,password=password).first()\n",
      "col_offset": 27,
      "end_col_offset": 49,
      "filename": "./introduction/views.py",
      "issue_confidence": "HIGH",
      "issue_cwe": {
        "id": 327,
        "link": "https://cwe.mitre.org/data/definitions/327.html"
      },
      "issue_severity": "MEDIUM",
      "issue_text": "Use of insecure MD2, MD4, MD5, or SHA1 hash function.",
      "line_number": 1019,
      "line_range": [
        1019
      ],
      "more_info": "https://bandit.readthedocs.io/en/1.7.10/blacklists/blacklist_calls.html#b303-md5",
      "test_id": "B303",
      "test_name": "blacklist"
    }
  ]
}